trait	model	mse	rmse	pearsonr
YLD	BRR	256.6743505477685	16.02105959503829	0.6195759365505789
YLD	RANDOMFOREST	455.2140762701549	21.335746442769583	0.6192755693564844
YLD	XGBOOST	105.37196531011416	10.265084768773912	0.7446110189064853
YLD	LIGHTGBM	268.89624036009315	16.398055993321073	0.7355748289332762
YLD	MLP	22.135387233943543	4.70482595150379	0.7045381550242338
YLD	STACKING	146.981761956511	12.123603505415005	0.7168128816616742
