trait	model	mse	rmse	pearsonr
YLD	BRR	256.6743505477685	16.02105959503829	0.6195759365505789
YLD	RANDOMFOREST	436.97008196687784	20.903829361312674	0.7166808506798421
YLD	XGBOOST	105.37196386707963	10.265084698485426	0.7446110212479021
YLD	LIGHTGBM	268.89624036009315	16.398055993321073	0.7355748289332763
YLD	MLP	14245.507063782037	119.35454354058767	0.6055573996654795
YLD	STACKING	206.63689631208766	14.374870305922334	0.6150259571592185
