Trait	Metric	F_stat	p_value
YLD	pearsonr	1.911962979920693	0.12962443379359323
