Trait	Metric	F_stat	p_value
YLD	pearsonr	6.302817056791811	0.0007208615702554487
