trait	model	mse	rmse	pearsonr
YLD	BRR	230.60276366789427	15.18561041472796	0.6559940059142522
YLD	RANDOMFOREST	237.5621423607106	15.413051039969686	0.7359165495730066
YLD	XGBOOST	186.09981586423808	13.641840633295717	0.6072000498991696
YLD	LIGHTGBM	165.99971161386995	12.884087535167943	0.6707837118657436
YLD	MLP	26.704570550477477	5.167646519497776	0.7420843081944001
YLD	STACKING	137.39537898562423	11.721577495611426	0.736255881662222
