Trait	Metric	F_stat	p_value
YLD	model_r2	0.09600271513598145	0.9919667806433581
