Trait	Metric	F_stat	p_value
YLD	model_r2	1.8574430833964863	0.13961052021858822
