trait	model	mse	rmse	pearsonr
YLD	BRR	249.46699558565018	15.794524227897787	0.6108082002685937
YLD	RANDOMFOREST	222.6086489243056	14.920075365905683	0.7250441629921206
YLD	XGBOOST	193.63671128292418	13.915340861183537	0.6772991143614477
YLD	LIGHTGBM	162.6272122625663	12.752537483284113	0.6664203555047823
YLD	MLP	35.51618329521646	5.959545561132699	0.7286550810116657
YLD	STACKING	149.80484197892574	12.239478827912802	0.7203370785664744
