Trait	Metric	F_stat	p_value
YLD	model_r2	0.137720406292958	0.9818378039804045
