Trait	Metric	F_stat	p_value
YLD	model_r2	2.499245080757354	0.058729809157784814
