Trait	Metric	F_stat	p_value
YLD	pearsonr	0.8365873771266563	0.5367940650724474
