Trait	Metric	F_stat	p_value
YLD	pearsonr	4.566537488454357	0.004559018364943549
