Trait	Metric	F_stat	p_value
YLD	pearsonr	0.6865328477086475	0.6382606093668972
