Trait	Metric	F_stat	p_value
YLD	pearsonr	5.388875404635337	0.0018436125311514086
