	count	mean	std	min	25%	50%	75%	max
YLD	293.0	8.041187595221842	2.8271431920726364	1.6642421	5.8285713	8.284286	10.238571	14.625714
