Trait	Metric	F_stat	p_value
YLD	model_r2	1.1336689087140672	0.3697329980032009
