Trait	Metric	F_stat	p_value
YLD	model_r2	5.111140672528899	0.0024863294553524994
